<?xml version="1.0" encoding="UTF-8" standalone="yes"?>
<addon id="plugin.video.ivysilani" name="iVysílání — Česká televize" version="1.2.7" provider-name="Štěpán Ort">
  <requires>
    <import addon="xbmc.python" version="2.1.0"/>
	<import addon="repository.kodi-czsk" version="1.0.2"/>
  </requires>
  <extension point="xbmc.python.pluginsource" library="addon.py">
    <provides>video</provides>
  </extension>
  <extension point="xbmc.addon.metadata">
    <summary>iVysílání — Česká televize</summary>
	<description>Deprecated addon. New version will be installed from Kodi CZ/SK repository.</description>
    <description lang="cs">Zastaralý doplněk. Nová verze bude nainstalována z repozitáře Kodi CZ/SK.</description>
    <platform>all</platform>
  </extension>
</addon>